{
    "survey_id": "be1f38c4-9699-4849-8448-067539299468",
    "travti_label": "친절 가이드",
    "base_mbti": "ISFJ",
    "scores": {
        "ei": -0.1111111111111111,
        "sn": 0.1111111111111111,
        "tf": -0.1111111111111111,
        "jp": 1.0,
        "stamina": 0.25,
        "alcohol": 0.9
    },
    "timestamp": 1771916251.731951
}